
-- [과목 테이블 데이터 INSERT] 

INSERT INTO SUBJECTS(SUB_CODE , SUB_NAME)
VALUES ('SB001', 'Java');

INSERT INTO SUBJECTS(SUB_CODE , SUB_NAME)
VALUES ('SB002', 'Oracle');

INSERT INTO SUBJECTS(SUB_CODE , SUB_NAME)
VALUES ('SB003', 'JavaScript');

INSERT INTO SUBJECTS(SUB_CODE , SUB_NAME)
VALUES ('SB004', 'JSP');

INSERT INTO SUBJECTS(SUB_CODE , SUB_NAME)
VALUES ('SB005', 'HTML');

INSERT INTO SUBJECTS(SUB_CODE , SUB_NAME)
VALUES ('SB006', 'CSS');

INSERT INTO SUBJECTS(SUB_CODE , SUB_NAME)
VALUES ('SB007', 'Python');

INSERT INTO SUBJECTS(SUB_CODE , SUB_NAME)
VALUES ('SB008', 'Spring Framework');

INSERT INTO SUBJECTS(SUB_CODE , SUB_NAME)
VALUES ('SB009', 'C++');

SELECT *
FROM SUBJECTS;

--■■■ 관리자 데이터 입력 ■■■--
INSERT INTO ADMINS(AD_CODE, AD_ID, AD_PW, AD_DATE)
VALUES('AD001', 'HYEIN', 'java001', SYSDATE);

INSERT INTO ADMINS(AD_CODE, AD_ID, AD_PW, AD_DATE)
VALUES('AD002', 'MINJI', 'java002', SYSDATE);

INSERT INTO ADMINS(AD_CODE, AD_ID, AD_PW, AD_DATE)
VALUES('AD003', 'JUHYUNG', 'java003', SYSDATE);

INSERT INTO ADMINS(AD_CODE, AD_ID, AD_PW, AD_DATE)
VALUES('AD004', 'DONGMIN', 'java004', SYSDATE);

INSERT INTO ADMINS(AD_CODE, AD_ID, AD_PW, AD_DATE)
VALUES('AD005', 'HASEONG', 'java005', SYSDATE);

INSERT INTO ADMINS(AD_CODE, AD_ID, AD_PW, AD_DATE)
VALUES('AD006', 'HANUL', 'java006', SYSDATE);

SELECT *
FROM ADMINS;

--■■■ 교수 데이터 입력 ■■■--
INSERT INTO PROFESSORS(PF_CODE, PF_ID, PF_PW, PF_NAME, PF_SSN, PF_DATE)
VALUES('PF001', 'MANGGOM', '1684233', '망곰이', '781110-1684233', SYSDATE);

INSERT INTO PROFESSORS(PF_CODE, PF_ID, PF_PW, PF_NAME, PF_SSN, PF_DATE)
VALUES('PF002', 'PEACH', '2491530', '어피치', '670621-2491530', SYSDATE);

INSERT INTO PROFESSORS(PF_CODE, PF_ID, PF_PW, PF_NAME, PF_SSN, PF_DATE)
VALUES('PF003', 'CHUNSIK','1125762', '춘식이', '830213-1125762', SYSDATE);

INSERT INTO PROFESSORS(PF_CODE, PF_ID, PF_PW, PF_NAME, PF_SSN, PF_DATE)
VALUES('PF004', 'RYAN', '1254873', '라이언', '730230-1254873', SYSDATE);

INSERT INTO PROFESSORS(PF_CODE, PF_ID, PF_PW, PF_NAME, PF_SSN, PF_DATE)
VALUES('PF005', 'JAYJ', '1456324', '제이지', '690324-1456324', SYSDATE);

INSERT INTO PROFESSORS(PF_CODE, PF_ID, PF_PW, PF_NAME, PF_SSN, PF_DATE)
VALUES('PF006', 'CHU', '2678431', '피카츄', '810903-2678431', SYSDATE);

INSERT INTO PROFESSORS(PF_CODE, PF_ID, PF_PW, PF_NAME, PF_SSN, PF_DATE)
VALUES('PF007', 'DANG', '2348154', '당소소', '880129-2348154', SYSDATE);

SELECT *
FROM PROFESSORS;

--[학생 테이블 데이터 INSERT] 
INSERT INTO STUDENTS(ST_CODE, ST_ID, ST_PW, ST_NAME, ST_SSN)
VALUES('ST001', 'MOON', '1022432', '문보경', '071212-1022432');

INSERT INTO STUDENTS(ST_CODE, ST_ID, ST_PW, ST_NAME, ST_SSN)
VALUES('ST002', 'OHOH', '1544236', '오지환', '901007-1544236');

INSERT INTO STUDENTS(ST_CODE, ST_ID, ST_PW, ST_NAME, ST_SSN)
VALUES('ST003', 'KIM', '1788896', '김상수', '990304-1788896');

INSERT INTO STUDENTS(ST_CODE, ST_ID, ST_PW, ST_NAME, ST_SSN)
VALUES('ST004', 'BON', '1566789', '신본기', '811112-1566789');

INSERT INTO STUDENTS(ST_CODE, ST_ID, ST_PW, ST_NAME, ST_SSN)
VALUES('ST005', 'SOOOYEON', '2312547', '지소연', '970922-2312547');

INSERT INTO STUDENTS(ST_CODE, ST_ID, ST_PW, ST_NAME, ST_SSN)
VALUES('ST006', 'MINA', '2978541', '이민아', '980505-2978541');

INSERT INTO STUDENTS(ST_CODE, ST_ID, ST_PW, ST_NAME, ST_SSN)
VALUES('ST007', 'JANG', '2362514', '장슬기', '921011-2362514');

INSERT INTO STUDENTS(ST_CODE, ST_ID, ST_PW, ST_NAME, ST_SSN)
VALUES('ST008', 'SONNY', '1552147', '손흥민', '990810-1552147');

INSERT INTO STUDENTS(ST_CODE, ST_ID, ST_PW, ST_NAME, ST_SSN)
VALUES('ST009', 'HWANG', '1122233', '황희찬', '951010-1122233');

INSERT INTO STUDENTS(ST_CODE, ST_ID, ST_PW, ST_NAME, ST_SSN)
VALUES('ST010', 'EUNBIN', '2574812', '박은빈', '010707-2574812');

INSERT INTO STUDENTS(ST_CODE, ST_ID, ST_PW, ST_NAME, ST_SSN)
VALUES('ST011', 'JINI', '2020202', '황진이', '800301-2020202');

INSERT INTO STUDENTS(ST_CODE, ST_ID, ST_PW, ST_NAME, ST_SSN)
VALUES('ST012', 'KIMMINA', '2777777', '김미나', '790102-2777777');

SELECT *
FROM STUDENTS;

-- [강의실 테이블 데이터 INSERT]
INSERT INTO CLASSROOMS(ROOM_CODE,ROOM_NAME,ROOM_EXPLANATION)
VALUES('CR001','A반','1층 101호 최대 수용 인원 : 25명');
INSERT INTO CLASSROOMS(ROOM_CODE,ROOM_NAME,ROOM_EXPLANATION)
VALUES('CR002','B반','1층 102호 최대 수용 인원 : 30명');

INSERT INTO CLASSROOMS(ROOM_CODE,ROOM_NAME,ROOM_EXPLANATION)
VALUES('CR003','C반','2층 201호 최대 수용 인원 : 25명');
INSERT INTO CLASSROOMS(ROOM_CODE,ROOM_NAME,ROOM_EXPLANATION)
VALUES('CR004','D반','2층 202호 최대 수용 인원 : 30명');

INSERT INTO CLASSROOMS(ROOM_CODE,ROOM_NAME,ROOM_EXPLANATION)
VALUES('CR005','E반','3층 301호 최대 수용 인원 : 25명');
INSERT INTO CLASSROOMS(ROOM_CODE,ROOM_NAME,ROOM_EXPLANATION)
VALUES('CR006','F반','3층 302호 최대 수용 인원 : 30명');

INSERT INTO CLASSROOMS(ROOM_CODE,ROOM_NAME,ROOM_EXPLANATION)
VALUES('CR007','G반','4층 401호 최대 수용 인원 : 25명');
INSERT INTO CLASSROOMS(ROOM_CODE,ROOM_NAME,ROOM_EXPLANATION)
VALUES('CR008','H반','4층 402호 최대 수용 인원 : 30명');

SELECT *
FROM CLASSROOMS;

--[과정 테이블 데이터 입력 INSERT]
INSERT INTO COURSES(CRS_CODE , CRS_NAME)
VALUES ('CO001','Java를 활용한 Full-Stack개발자 양성과정');

INSERT INTO COURSES(CRS_CODE , CRS_NAME)
VALUES ('CO002','자바와 스프링 기반 빅데이터 Full-stack 개발자 양성과정');

INSERT INTO COURSES(CRS_CODE , CRS_NAME)
VALUES ('CO003','Java(자바)그리고 AWS 활용한 Full-Stack 개발자 양성과정');

INSERT INTO COURSES(CRS_CODE , CRS_NAME)
VALUES ('CO004','자바(Java)기반 Web 이용한 스마트플랫폼 Full-Stack 개발자 양성과정');

SELECT *
FROM COURSES;

-- [교재 (BOOKS) 테이블 데이터 INSERT]

INSERT INTO BOOKS (BK_CODE, BK_NAME, BK_PRICE, BK_EXPLANATION)
VALUES ('BK001', 'Do it! 점프 투 파이썬', '19800', '중학생도 첫날부터 실습하는 초고속 입문서');

INSERT INTO BOOKS (BK_CODE, BK_NAME, BK_PRICE, BK_EXPLANATION)
VALUES ('BK002', 'AWS 교과서', '34200', '개념 설명과 실습 예제로 실속 있게 구성한 AWS 입문서!');

INSERT INTO BOOKS (BK_CODE, BK_NAME, BK_PRICE, BK_EXPLANATION)
VALUES ('BK003', '실전 스프링 부트', '36000', '기본 개념부터 실무 베스트 프랙티스, 그리고 GraalVM, GraphQL, R소켓');

INSERT INTO BOOKS (BK_CODE, BK_NAME, BK_PRICE, BK_EXPLANATION)
VALUES ('BK004', '문제 해결을 위한 알고리즘 with 수학', '37800', '알고리즘 문제 해결에 꼭 필요한 수학적 지식과 사고력');

INSERT INTO BOOKS (BK_CODE, BK_NAME, BK_PRICE, BK_EXPLANATION)
VALUES ('BK005', '오라클의 정석', '27000', '한 권으로 끝내는 오라클 기본 교과서');

INSERT INTO BOOKS (BK_CODE, BK_NAME, BK_PRICE, BK_EXPLANATION)
VALUES ('BK006', '이것이 취업을 위한 코딩 테스트다 with 자바', '30600', '취업과 이직을 결정하는 알고리즘 인터뷰 완벽');

INSERT INTO BOOKS (BK_CODE, BK_NAME, BK_PRICE, BK_EXPLANATION)
VALUES ('BK007', '쿠버네티스 교과서', '39600', '기초부터 운영까지, 실전에 강한 쿠버네티스 사용법!');

INSERT INTO BOOKS (BK_CODE, BK_NAME, BK_PRICE, BK_EXPLANATION)
VALUES ('BK008', 'Must Have 성낙현의 JSP 자바 웹 프로그래밍', '27000', ' JSP·서블릿 기초부터 탄탄하게');

INSERT INTO BOOKS (BK_CODE, BK_NAME, BK_PRICE, BK_EXPLANATION)
VALUES ('BK009', '예제로 배우는 자바스크립트', '25200', '단계별 300제로 정복하는 자바스크립트');

INSERT INTO BOOKS (BK_CODE, BK_NAME, BK_PRICE, BK_EXPLANATION)
VALUES ('BK010', '완성된 웹사이트로 배우는 HTML와 CSS 웹 디자인', '19800', '5개 예제로 배우는 효율적인 웹사이트 제작 노하우');

INSERT INTO BOOKS (BK_CODE, BK_NAME, BK_PRICE, BK_EXPLANATION)
VALUES ('BK011', 'C++ 소프트웨어 디자인', '28800', '고품질 소프트웨어 구축을 위한 설계 원칙과 패턴');

INSERT INTO BOOKS (BK_CODE, BK_NAME, BK_PRICE, BK_EXPLANATION)
VALUES ('BK012', '스프링 프레임워크 첫걸음', '22500', '그림과 실습으로 쉽게 배우는 스프링 프레임워크 완벽 입문서');

SELECT *
FROM BOOKS;

-- [개설과정 (OPEN_COURSES) 테이블 데이터]
-- 과거
INSERT INTO OPEN_COURSES(OCRS_CODE, CRS_CODE, PF_CODE, ROOM_CODE, START_DATE, END_DATE)
VALUES('OC001', 'CO003', 'PF001', 'CR001', TO_DATE('2022-05-30','YYYY-MM-DD'), TO_DATE('2022-12-21','YYYY-MM-DD'));

INSERT INTO OPEN_COURSES(OCRS_CODE, CRS_CODE, PF_CODE, ROOM_CODE, START_DATE, END_DATE)
VALUES('OC002', 'CO004', 'PF002', 'CR002', TO_DATE('2023-01-25','YYYY-MM-DD'), TO_DATE('2023-08-16','YYYY-MM-DD'));

-- 현재
INSERT INTO OPEN_COURSES(OCRS_CODE, CRS_CODE, PF_CODE, ROOM_CODE, START_DATE, END_DATE)
VALUES('OC003', 'CO001', 'PF003', 'CR003', TO_DATE('2023-08-22','YYYY-MM-DD'), TO_DATE('2024-03-19','YYYY-MM-DD'));

INSERT INTO OPEN_COURSES(OCRS_CODE, CRS_CODE, PF_CODE, ROOM_CODE, START_DATE, END_DATE)
VALUES('OC004', 'CO002', 'PF004', 'CR004', TO_DATE('2023-08-23','YYYY-MM-DD'), TO_DATE('2024-03-20','YYYY-MM-DD'));

-- 미래
INSERT INTO OPEN_COURSES(OCRS_CODE, CRS_CODE, PF_CODE, ROOM_CODE, START_DATE, END_DATE)
VALUES('OC005', 'CO003', 'PF005', 'CR005', TO_DATE('2023-11-13','YYYY-MM-DD'), TO_DATE('2024-06-10','YYYY-MM-DD'));

INSERT INTO OPEN_COURSES(OCRS_CODE, CRS_CODE, PF_CODE, ROOM_CODE, START_DATE, END_DATE)
VALUES('OC006', 'CO001', 'PF006', 'CR006', TO_DATE('2024-01-15','YYYY-MM-DD'), TO_DATE('2024-08-07','YYYY-MM-DD'));

SELECT *
FROM OPEN_COURSES;

-- [개설과목 데이터 INSERT]
INSERT INTO OPEN_SUBJECTS(OSUB_CODE, OCRS_CODE, SUB_CODE, BK_CODE, SUB_START_DATE
                        , SUB_END_DATE, ATTENDANCE_SCORE, WRITTEN_SCORE, PRACTICAL_SCORE)
VALUES('0S001','OC001','SB001','BK006',TO_DATE('2022-05-30','YYYY-MM-DD'),TO_DATE('2022-08-26','YYYY-MM-DD'),30,30,40);
INSERT INTO OPEN_SUBJECTS(OSUB_CODE, OCRS_CODE, SUB_CODE, BK_CODE, SUB_START_DATE
                        , SUB_END_DATE, ATTENDANCE_SCORE, WRITTEN_SCORE, PRACTICAL_SCORE)
VALUES('0S002','OC001','SB002','BK005',TO_DATE('2022-08-29','YYYY-MM-DD'),TO_DATE('2022-12-21','YYYY-MM-DD'),30,30,40);

INSERT INTO OPEN_SUBJECTS(OSUB_CODE, OCRS_CODE, SUB_CODE, BK_CODE, SUB_START_DATE
                        , SUB_END_DATE, ATTENDANCE_SCORE, WRITTEN_SCORE, PRACTICAL_SCORE)
VALUES('0S003','OC002','SB004','BK008',TO_DATE('2023-01-25','YYYY-MM-DD'),TO_DATE('2023-04-07','YYYY-MM-DD'),20,40,40);
INSERT INTO OPEN_SUBJECTS(OSUB_CODE, OCRS_CODE, SUB_CODE, BK_CODE, SUB_START_DATE
                        , SUB_END_DATE, ATTENDANCE_SCORE, WRITTEN_SCORE, PRACTICAL_SCORE)
VALUES('0S004','OC002','SB003','BK009',TO_DATE('2023-04-10','YYYY-MM-DD'),TO_DATE('2023-08-16','YYYY-MM-DD'),20,40,40);

INSERT INTO OPEN_SUBJECTS(OSUB_CODE, OCRS_CODE, SUB_CODE, BK_CODE, SUB_START_DATE
                        , SUB_END_DATE, ATTENDANCE_SCORE, WRITTEN_SCORE, PRACTICAL_SCORE)
VALUES('0S005','OC003','SB004','BK008',TO_DATE('2023-08-22','YYYY-MM-DD'),TO_DATE('2023-12-01','YYYY-MM-DD'),20,40,40);
INSERT INTO OPEN_SUBJECTS(OSUB_CODE, OCRS_CODE, SUB_CODE, BK_CODE, SUB_START_DATE
                        , SUB_END_DATE, ATTENDANCE_SCORE, WRITTEN_SCORE, PRACTICAL_SCORE)
VALUES('0S006','OC003','SB003','BK009',TO_DATE('2023-12-04','YYYY-MM-DD'),TO_DATE('2024-03-19','YYYY-MM-DD'),20,40,40);

INSERT INTO OPEN_SUBJECTS(OSUB_CODE, OCRS_CODE, SUB_CODE, BK_CODE, SUB_START_DATE
                        , SUB_END_DATE, ATTENDANCE_SCORE, WRITTEN_SCORE, PRACTICAL_SCORE)
VALUES('0S007','OC004','SB004','BK008',TO_DATE('2023-08-23','YYYY-MM-DD'),TO_DATE('2023-12-04','YYYY-MM-DD'),20,40,40);
INSERT INTO OPEN_SUBJECTS(OSUB_CODE, OCRS_CODE, SUB_CODE, BK_CODE, SUB_START_DATE
                        , SUB_END_DATE, ATTENDANCE_SCORE, WRITTEN_SCORE, PRACTICAL_SCORE)
VALUES('0S008','OC004','SB003','BK009',TO_DATE('2023-12-05','YYYY-MM-DD'),TO_DATE('2024-03-20','YYYY-MM-DD'),20,40,40);

INSERT INTO OPEN_SUBJECTS(OSUB_CODE, OCRS_CODE, SUB_CODE, BK_CODE, SUB_START_DATE
                        , SUB_END_DATE, ATTENDANCE_SCORE, WRITTEN_SCORE, PRACTICAL_SCORE)
VALUES('0S009','OC005','SB005','BK010',TO_DATE('2023-11-13','YYYY-MM-DD'),TO_DATE('2024-02-23','YYYY-MM-DD'),20,40,40);
INSERT INTO OPEN_SUBJECTS(OSUB_CODE, OCRS_CODE, SUB_CODE, BK_CODE, SUB_START_DATE
                        , SUB_END_DATE, ATTENDANCE_SCORE, WRITTEN_SCORE, PRACTICAL_SCORE)
VALUES('0S010','OC005','SB009','BK011',TO_DATE('2024-02-26','YYYY-MM-DD'),TO_DATE('2024-06-10','YYYY-MM-DD'),40,0,60);

INSERT INTO OPEN_SUBJECTS(OSUB_CODE, OCRS_CODE, SUB_CODE, BK_CODE, SUB_START_DATE
                        , SUB_END_DATE, ATTENDANCE_SCORE, WRITTEN_SCORE, PRACTICAL_SCORE)
VALUES('0S011','OC006','SB006','BK010',TO_DATE('2024-01-15','YYYY-MM-DD'),TO_DATE('2024-04-12','YYYY-MM-DD'),30,30,40);
INSERT INTO OPEN_SUBJECTS(OSUB_CODE, OCRS_CODE, SUB_CODE, BK_CODE, SUB_START_DATE
                        , SUB_END_DATE, ATTENDANCE_SCORE, WRITTEN_SCORE, PRACTICAL_SCORE)
VALUES('0S012','OC006','SB008','BK012',TO_DATE('2024-04-15','YYYY-MM-DD'),TO_DATE('2024-08-07','YYYY-MM-DD'),30,20,50);

SELECT *
FROM OPEN_SUBJECTS;

-- [수강신청 (COURSE_REGISTRATIONS) 테이블 데이터]

--수강신청 테이블 데이터 입력
INSERT INTO COURSE_REGISTRATIONS(REG_CODE , ST_CODE, OCRS_CODE,REG_DATE)
VALUES ('RG001','ST001','OC001',TO_DATE('2015-04-30','YYYY-MM-DD'));

INSERT INTO COURSE_REGISTRATIONS(REG_CODE , ST_CODE, OCRS_CODE,REG_DATE)
VALUES ('RG002','ST002','OC001',TO_DATE('2019-07-29','YYYY-MM-DD'));

INSERT INTO COURSE_REGISTRATIONS(REG_CODE , ST_CODE, OCRS_CODE,REG_DATE)
VALUES ('RG003','ST003','OC002',TO_DATE('2020-10-10','YYYY-MM-DD'));

INSERT INTO COURSE_REGISTRATIONS(REG_CODE , ST_CODE, OCRS_CODE,REG_DATE)
VALUES ('RG004','ST004','OC002',TO_DATE('2021-11-11','YYYY-MM-DD'));

INSERT INTO COURSE_REGISTRATIONS(REG_CODE , ST_CODE, OCRS_CODE,REG_DATE)
VALUES ('RG005','ST005','OC003',TO_DATE('2022-1-24','YYYY-MM-DD'));

INSERT INTO COURSE_REGISTRATIONS(REG_CODE , ST_CODE, OCRS_CODE, REG_DATE)
VALUES ('RG006','ST006','OC003',TO_DATE('2022-12-25','YYYY-MM-DD'));

INSERT INTO COURSE_REGISTRATIONS(REG_CODE , ST_CODE, OCRS_CODE,REG_DATE)
VALUES ('RG007','ST007','OC004',TO_DATE('2023-05-02','YYYY-MM-DD'));

INSERT INTO COURSE_REGISTRATIONS(REG_CODE , ST_CODE, OCRS_CODE,REG_DATE)
VALUES ('RG008','ST008','OC004',TO_DATE('2023-06-30','YYYY-MM-DD'));

INSERT INTO COURSE_REGISTRATIONS(REG_CODE , ST_CODE, OCRS_CODE,REG_DATE)
VALUES ('RG009','ST009','OC005',TO_DATE('2023-10-04','YYYY-MM-DD'));

INSERT INTO COURSE_REGISTRATIONS(REG_CODE , ST_CODE, OCRS_CODE,REG_DATE)
VALUES ('RG010','ST010','OC005',TO_DATE('2023-11-12','YYYY-MM-DD'));

INSERT INTO COURSE_REGISTRATIONS(REG_CODE , ST_CODE, OCRS_CODE,REG_DATE)
VALUES ('RG011','ST011','OC006',TO_DATE('2023-12-31','YYYY-MM-DD'));

INSERT INTO COURSE_REGISTRATIONS(REG_CODE , ST_CODE, OCRS_CODE,REG_DATE)
VALUES ('RG012','ST012','OC006',TO_DATE('2024-01-01','YYYY-MM-DD'));

SELECT *
FROM COURSE_REGISTRATIONS;

-- [중도탈락 사유 (DROP_REASONS) 테이블 데이터]

INSERT INTO DROP_REASONS (DO_REASON_CODE, DO_REASON)
VALUES('DR001', '퇴학');

INSERT INTO DROP_REASONS (DO_REASON_CODE, DO_REASON)
VALUES('DR002', '부적응');

INSERT INTO DROP_REASONS (DO_REASON_CODE, DO_REASON)
VALUES('DR003', '해외출국');

INSERT INTO DROP_REASONS (DO_REASON_CODE, DO_REASON)
VALUES('DR004', '군 입대');

INSERT INTO DROP_REASONS (DO_REASON_CODE, DO_REASON)
VALUES('DR005', '질병');

SELECT *
FROM DROP_REASONS;

-- [중도탈락 테이블 데이터]

INSERT INTO DROP_OUT_LISTS(DO_CODE, REG_CODE, DO_REASON_CODE, DO_DATE)
VALUES('DO001', 'RG001', 'DR005', TO_DATE('2022-10-20','YYYY-MM-DD'));

INSERT INTO DROP_OUT_LISTS(DO_CODE, REG_CODE, DO_REASON_CODE, DO_DATE)
VALUES('DO002', 'RG005', 'DR002', TO_DATE('2023-09-20','YYYY-MM-DD'));

SELECT *
FROM DROP_OUT_LISTS;

-- [성적 테이블 데이터 INSERT]
INSERT INTO SCORES(SCORE_CODE, REG_CODE, OSUB_CODE, ATTENDANCE_SCORE, WRITTEN_SCORE, PRACTICAL_SCORE, TEST_DATE)
VALUES('SC001', 'RG001', '0S001', 20, 26, 30, TO_DATE('2022-08-26', 'YYYY-MM-DD'));

INSERT INTO SCORES(SCORE_CODE, REG_CODE, OSUB_CODE, ATTENDANCE_SCORE, WRITTEN_SCORE, PRACTICAL_SCORE, TEST_DATE)
VALUES('SC002', 'RG001', '0S002', 25, 29, 26, TO_DATE('2022-12-21', 'YYYY-MM-DD'));

INSERT INTO SCORES(SCORE_CODE, REG_CODE, OSUB_CODE, ATTENDANCE_SCORE, WRITTEN_SCORE, PRACTICAL_SCORE, TEST_DATE)
VALUES('SC003', 'RG002', '0S001', 21, 29, 20, TO_DATE('2022-08-26', 'YYYY-MM-DD'));

INSERT INTO SCORES(SCORE_CODE, REG_CODE, OSUB_CODE, ATTENDANCE_SCORE, WRITTEN_SCORE, PRACTICAL_SCORE, TEST_DATE)
VALUES('SC004', 'RG002', '0S002', 29, 26, 30, TO_DATE('2022-12-21', 'YYYY-MM-DD'));

INSERT INTO SCORES(SCORE_CODE, REG_CODE, OSUB_CODE, ATTENDANCE_SCORE, WRITTEN_SCORE, PRACTICAL_SCORE, TEST_DATE)
VALUES('SC005', 'RG003', '0S003', 20, 35, 30, TO_DATE('2023-04-07', 'YYYY-MM-DD'));

INSERT INTO SCORES(SCORE_CODE, REG_CODE, OSUB_CODE, ATTENDANCE_SCORE, WRITTEN_SCORE, PRACTICAL_SCORE, TEST_DATE)
VALUES('SC006', 'RG003', '0S004', 16, 32, 38, TO_DATE('2023-08-16', 'YYYY-MM-DD'));

INSERT INTO SCORES(SCORE_CODE, REG_CODE, OSUB_CODE, ATTENDANCE_SCORE, WRITTEN_SCORE, PRACTICAL_SCORE, TEST_DATE)
VALUES('SC007', 'RG004', '0S003', 10, 30, 35, TO_DATE('2023-04-07', 'YYYY-MM-DD'));

INSERT INTO SCORES(SCORE_CODE, REG_CODE, OSUB_CODE, ATTENDANCE_SCORE, WRITTEN_SCORE, PRACTICAL_SCORE, TEST_DATE)
VALUES('SC008', 'RG004', '0S004', 20, 38, 35, TO_DATE('2023-08-16', 'YYYY-MM-DD'));

SELECT *
FROM SCORES;

---------------------------------------------------------------------------------------------------------------------------------

DELETE
FROM SCORES
WHERE REG_CODE = 'RG001'
  AND SCORE_CODE = 'SC002';

DELETE
FROM DROP_OUT_LISTS;

SELECT *
FROM DROP_OUT_LISTS;

SELECT 'DELETE FROM ' || TABLE_NAME || ';'  
FROM user_tables;

DELETE FROM SUBJECTS;
DELETE FROM CLASSROOMS;
DELETE FROM COURSES;
DELETE FROM BOOKS;
DELETE FROM DROP_REASONS;
DELETE FROM PROFESSORS;
DELETE FROM ADMINS;
DELETE FROM STUDENTS;
DELETE FROM OPEN_COURSES;
DELETE FROM COURSE_REGISTRATIONS;
DELETE FROM DROP_OUT_LISTS;
DELETE FROM OPEN_SUBJECTS;
DELETE FROM SCORES;

DROP TRIGGER TRG_OPEN_COURSES_DELETE;

SELECT *
FROM PROFESSORS;

SELECT 'DROP TABLE ' || TABLE_NAME || ';'  
FROM user_tables;

DROP TABLE COURSES;
DROP TABLE PROFESSORS;
DROP TABLE STUDENTS;
DROP TABLE DROP_REASONS;
DROP TABLE CLASSROOMS;
DROP TABLE OPEN_COURSES;
DROP TABLE COURSE_REGISTRATIONS;
DROP TABLE DROP_OUT_LISTS;
DROP TABLE ADMINS;

SELECT *
FROM TAB;

PURGE RECYCLEBIN;

